name,description,price,imageUrl,productUrl,platform,occasions,interests,ageMin,ageMax
LOFIR Men's Long Plush Hooded Robe,"Warm plush hooded bathrobe with side pockets and belt, plus sizes available — a cozy classic for dads and homebodies.",35.87,https://i5.walmartimages.com/seo/Robes-Men-LOFIR-Long-Mens-Robes-Warm-Soft-Plush-Mens-Robe-Hood-Plus-Size-Plus-Thick-Robe-Men-Side-Pocket-Belt-Bathrobes-Men-Gifts-Gray-XL_6a19b195-1845-4096-9f2e-bbcfac59c767.7cd8602cd4576d349d5f52915d7f08ab.jpeg?odnHeight=2000&odnWidth=2000&odnBg=FFFFFF,https://www.walmart.com/ip/Robes-Men-LOFIR-Long-Mens-Robes-Warm-Soft-Plush-Mens-Robe-Hood-Plus-Size-Plus-Thick-Robe-Men-Side-Pocket-Belt-Bathrobes-Men-Gifts-Gray-XL/2247409624,Walmart,Birthday|Christmas|Father's Day,Self-care|Home Decor,18,99
Fulsmile 2.5ft Kids Bean Bag Chair,Memory-foam kids bean bag with a soft removable cover — reading corner and gaming seat in one.,41.99,https://i5.walmartimages.com/seo/Fulsmile-2-5Ft-Bean-Bag-Chair-Kids-Memory-Foam-Filling-Kid-Beanbag-Chair-Plush-Chair-Detachable-Soft-Cover-Bedroom-Living-Room-Chevron-Grey_8f980262-e6e4-4c14-b40a-a471ba0c1fbb.d8d14a618ee298ed61faba213740624d.jpeg?odnHeight=573&odnWidth=573&odnBg=FFFFFF,https://www.walmart.com/ip/Fulsmile-2-5Ft-Bean-Bag-Chair-Kids-Memory-Foam-Filling-Kid-Beanbag-Chair-Plush-Chair-Detachable-Soft-Cover-Bedroom-Living-Room-Chevron-Grey/19632268964,Walmart,Birthday|Christmas,Gaming|Reading|Home Decor,3,12
Smart Watch Fitness Tracker (1.96-inch Touch Screen),"Budget-friendly fitness watch with a large touch screen for step, heart-rate, and workout tracking.",26.91,https://i5.walmartimages.com/seo/Smart-Watch-Fitness-Tracker-1-96-Touch-Screen-Fitness-Watch_cd80ff6f-dc0d-488e-ae01-c9cf30152c75.14134194aac06d2d9291c1582a69e043.jpeg?odnHeight=2000&odnWidth=2000&odnBg=FFFFFF,https://www.walmart.com/ip/Smart-Watch-Fitness-Tracker-1-96-Touch-Screen-Fitness-Watch/19918962754,Walmart,Birthday|Christmas|Graduation,Fitness|Tech,13,99
Personalized Photo Projection Bracelet,Custom bracelet that projects a hidden photo — a sentimental keepsake for partners and family.,15.2,https://i.etsystatic.com/44802764/r/il/74647d/6501115237/il_1588xN.6501115237_8ab8.jpg,https://www.etsy.com/listing/1797561834/personalized-photo-projection-bracelet,Etsy,Anniversary|Valentine's Day|Birthday,Jewelry|Personalized,13,99
Personalized Name Necklace for Men,Custom name necklace for men — a personalized Valentine's or anniversary piece.,75.5,https://i.etsystatic.com/17552750/r/il/25f2a4/6080127670/il_1588xN.6080127670_b59g.jpg,https://www.etsy.com/listing/1751946149/name-necklace-for-men-valentines-gift,Etsy,Valentine's Day|Anniversary|Birthday,Jewelry|Personalized|Fashion,16,99
Personalized Men's Bracelet (Custom Engraving),Men's bracelet with custom engraving — personal without being flashy.,31.32,https://i.etsystatic.com/38291599/r/il/ee68bf/4364272738/il_1588xN.4364272738_o1cz.jpg,https://www.etsy.com/listing/1351031649/personalized-mens-bracelet-in-custom,Etsy,Valentine's Day|Anniversary|Birthday|Father's Day,Jewelry|Personalized,16,99
Joopin Vintage Butterfly Sunglasses (Women),"Retro square butterfly-frame sunglasses — an easy, stylish stocking-stuffer-priced pick.",13.99,https://i5.walmartimages.com/seo/Joopin-Vintage-Women-Butterfly-Sunglasses-Designer-Square-Sun-Glasses-Shades_f623ea87-4874-4ed4-848d-64c52ad349aa.5a778aaf350b06a1ff41fc30bd67d392.jpeg?odnHeight=2000&odnWidth=2000&odnBg=FFFFFF,https://www.walmart.com/ip/Joopin-Vintage-Women-Butterfly-Sunglasses-Designer-Square-Sun-Glasses-Shades/19956616147,Walmart,Birthday|Christmas,Fashion|Travel,13,99
Joopin Polarized Aviator Sunglasses (Men),"Classic polarized pilot sunglasses — practical, unisex-leaning, and under $15.",11.69,https://i5.walmartimages.com/seo/Joopin-Rectangle-Polarized-Aviation-Sunglasses-for-Men-Women-Classic-Pilot-Sun-Glasses-Black_13990557-e000-4d9c-85ff-e0234050c150.5eeae60cf65dabc93379dc3b520a3e13.jpeg?odnHeight=2000&odnWidth=2000&odnBg=FFFFFF,https://www.walmart.com/ip/Joopin-Rectangle-Polarized-Aviation-Sunglasses-for-Men-Women-Classic-Pilot-Sun-Glasses-Black/3247208998,Walmart,Birthday|Christmas|Father's Day,Fashion|Travel|Outdoors,13,99
Boxing Ring Streetwear Poster,Bold hypebeast-style boxing ring wall art print for a streetwear-themed room.,44.29,https://i.etsystatic.com/66864992/r/il/35fe0c/8220270044/il_1588xN.8220270044_d4ka.jpg,https://www.etsy.com/listing/4533657922/supreme-boxing-ring-poster-hypebeast,Etsy,Birthday|Christmas|Graduation,Home Decor|Fashion|Sports,13,35
Porsche Vinyl Record Wall Art,Aesthetic vinyl-record wall piece with a Porsche motif — car-guy room decor that looks intentional.,43,https://i.etsystatic.com/64977973/r/il/1f529d/8045276434/il_1588xN.8045276434_pxje.jpg,https://www.etsy.com/listing/4509046459/porsche-vinyl-record-aesthetic-wall-art,Etsy,Birthday|Christmas|Graduation,Home Decor|Cars|Music,13,99
Basketball Legends Wall Art Print,Basketball legends poster for a sports-themed bedroom or office.,35.33,https://i.etsystatic.com/62029475/r/il/2889c2/7768713657/il_1588xN.7768713657_b9ll.jpg,https://www.etsy.com/listing/4459313405/basketball-legends-kobe-bryant-and,Etsy,Birthday|Christmas|Graduation,Home Decor|Sports,10,99
Handmade Soy 3-Wick Scented Candle,Strong-scented handmade soy 3-wick candle — a reliable crowd-pleaser gift.,27,https://i.etsystatic.com/6503413/r/il/64af11/7606571100/il_1588xN.7606571100_ksy4.jpg,https://www.etsy.com/listing/1659902638/soy-3-wick-candle-strong-scented-gift,Etsy,Birthday|Christmas|Mother's Day|Housewarming,Home Decor|Self-care,16,99
KEBE LED Open Sign (19x10 in),"Bright two-mode LED sign — a fun statement piece for a game room, bar cart, or small business owner.",23.39,https://i5.walmartimages.com/seo/KEBE-LED-Open-Sign-19-x10-Bright-Sign-Flashing-Light-for-Business-Walls-Window-Shop-Bar-Hotel-Two-Modes-1-45lbs_e87af6fb-1237-4399-8ad7-ad3a90df6222.cef97e9eda159284b91997cd2cb0e2a8.png?odnHeight=2000&odnWidth=2000&odnBg=FFFFFF,https://www.walmart.com/ip/KEBE-LED-Open-Sign-19-x10-Bright-Sign-Flashing-Light-for-Business-Walls-Window-Shop-Bar-Hotel-Two-Modes-1-45lbs/2747397177,Walmart,Housewarming|Christmas,Home Decor|Gaming,16,99
Mpow Kids Headphones (Volume-Limited),Foldable wired kids headphones with safe 85–94dB volume limiting and a share port.,12.99,https://i5.walmartimages.com/seo/Mpow-Kids-Headphones-Microphone-Foldable-85-94dB-Safe-Volume-Stereo-Adjustable-Ear-Headphones-Kids-Girls-Boys-Children-Share-Function-Wired-Kids-Head_d2209e5e-79ff-4a51-80bb-c53c39d8136a.4d065b85b82ed2857f48cf2d87909566.png?odnHeight=2000&odnWidth=2000&odnBg=FFFFFF,https://www.walmart.com/ip/Mpow-Kids-Headphones-Microphone-Foldable-85-94dB-Safe-Volume-Stereo-Adjustable-Ear-Headphones-Kids-Girls-Boys-Children-Share-Function-Wired-Kids-Head/729302622,Walmart,Birthday|Christmas,Music|Tech|Travel,3,12
"Anker 621 MagGo Magnetic Power Bank (5,000mAh)",Trusted-brand MagSafe-compatible magnetic power bank — a practical gift almost any iPhone owner will use.,42.99,https://i5.walmartimages.com/seo/Anker-621-Magnetic-Portable-Charger-MagGo-5-000mAh-Wireless-Power-Bank-USB-C-Cable-Magsafe-Compatible-Battery-Pack-iPhone-16-15-14-13-12-Series_72b337de-3eec-4d9b-b731-5d94ed5bd9fb.4822d33d96314b0f68db8b0c3423f009.jpeg?odnHeight=2000&odnWidth=2000&odnBg=FFFFFF,https://www.walmart.com/ip/Anker-621-Magnetic-Portable-Charger-MagGo-5-000mAh-Wireless-Power-Bank-USB-C-Cable-Magsafe-Compatible-Battery-Pack-iPhone-16-15-14-13-12-Series/19594000613,Walmart,Birthday|Christmas|Graduation|Father's Day,Tech|Travel,13,99
